<beans xmlns="http://www.springframework.org/schema/beans"
       xmlns:xsi="http://www.w3.org/2001/XMLSchema-instance"
       xmlns:security="http://www.springframework.org/schema/security"
      xmlns:webflow-config="http://www.springframework.org/schema/webflow-config"
       xsi:schemaLocation="http://www.springframework.org/schema/beans 
       http://www.springframework.org/schema/beans/spring-beans-4.0.xsd 
       http://www.springframework.org/schema/security 
       http://www.springframework.org/schema/security/spring-security-4.1.xsd 
       
        http://www.springframework.org/schema/webflow-config 
       http://www.springframework.org/schema/webflow-config/spring-webflow-config.xsd">
<security:http auto-config="true" use-expressions="true">
    <security:intercept-url pattern="/viewProducts"
    access="hasRole('ROLE_ADMIN')"/>
  <security:intercept-url pattern="/viewUsers"
    access="hasRole('ROLE_ADMIN')"/>
    <security:intercept-url pattern="/addproduct"
    access="hasRole('ROLE_ADMIN')"/>
     <security:intercept-url pattern="/newProduct"
    access="hasRole('ROLE_ADMIN')"/>
    <security:intercept-url pattern="/viewProducts"
    access="hasRole('ROLE_ADMIN')"/>
        <security:form-login 
        	
        	login-processing-url="/login"
        	default-target-url="/afterlogin"
        	authentication-failure-url="/logincheck?error"
            username-parameter="email"
            password-parameter="password" />
        <security:logout
            logout-success-url="/logincheck?logout" />
            <security:csrf disabled="true"/>
    </security:http>    
    <security:authentication-manager>
        <security:authentication-provider>
            <security:jdbc-user-service data-source-ref="dataSource"
                                        authorities-by-username-query="SELECT email, role From User WHERE email = ?"
                                        users-by-username-query="SELECT email, password ,enabled FROM User WHERE email = ?" />
        </security:authentication-provider>
    </security:authentication-manager>
   <webflow-config:flow-executor id="flowExecutor" flow-registry="flowRegistry" />

    <webflow-config:flow-registry id="flowRegistry" base-path="/WEB-INF/views">
        <webflow-config:flow-location path="/UserFlow.xml" id="checkout" />
    </webflow-config:flow-registry>

    <bean id="flowHandlerMapping" class="org.springframework.webflow.mvc.servlet.FlowHandlerMapping">
        <property name="flowRegistry" ref="flowRegistry" />
    </bean>

    <bean id="flowHandlerAdapter" class="org.springframework.webflow.mvc.servlet.FlowHandlerAdapter">
        <property name="flowExecutor" ref="flowExecutor" />
    </bean>
 
</beans>